"Timestamp","What's your participation ID?","Q1. How do you like or dislike seeing similar GitHub code snippets alongside a SO code example?","Rate the following statement: ""Displaying similar GitHub code alongside a SO code example is useful.""","Q2. How do you like or dislike illuminating the commonality and variations between a SO code example and similar GitHub code snippets in a code template?","Please rate the following statement: ""Lifting a code template that summarizes the commonality and variations between a SO snippet and similar GitHub code is useful.""","Q3. How do you like or dislike color-coding variations between GitHub code snippets and the Stack Overflow examples into adaptation types, such as renaming variables or adding a null check?","Please rate the following sentence: ""Distinguishing different kinds of adaptation types (e.g., renaming a variable vs. adding a null check) using different background colors is helpful.""","Q4.  How do you like or dislike seeing the frequency of different adaptation types between the Stack Overflow example and similar GitHub code snippets?","Please rate the following sentence: ""Knowing how often a given Stack Overflow example is adapted in a similar manner is helpful.""","Q5. When would you use this tool ExampleStack that shows different adaptation types along with their frequencies? Please feel free to elaborate on software development activities when ExampleStack could be beneficial. ","Q6. What kinds of tool features would you like (or not like) to have in ExampleStack?"
"2018/07/31 9:57:59 PM GMT","1","i like the idea of seeing how the code snippet from SO is adapted in github and the ranking based on watch count makes it easier to trust the SO snippet. ","7","This is a good feature, although i am not sure what would happen if there are too many snippets and too many changes. ","5","This is a very good feature, this is similar to hashtags and helps me better understand the changes when SO snippet was adapted to github snippet. ","7","This is a useful feature. The frequency helps me understand common development practices across github and I can then make a choice between what I want to do and what is commonly done. ","6","I would use this when I search for an algorithm or API usage. Often i google for API usage and this tool can help me understand how a certain API is used in a context. This would also be very useful in giving a skeleton of the API and helping me understand if I need to use exception handling etc. ","Different adaptations feature is not very clear, maybe when I click on the name it can highlight which parts of the code belong to that category. "
"2018/08/03 9:57:13 PM GMT","2","I like the examples because 1. I learn different ways to implement something and 2. I understand the nuance of a code line better by seeing what is and isn't similar","7","I like it because then it is easier to see how the code differs and helps me make decisions on how I want to adapt the code","7","I like that the color coding is there, but I did not initially pay too much attention to it. I think that it does provide useful information","6","I liked it because then I know what is more common/accepted. ","6","I would probably use it when I'm trying to debug a code block or in general using stack overflow. This would be helpful during projects, etc because it is difficult to find multiple examples of a solution to a problem. I would mainly use it for class, homework, projects, etc. ","I would like to see some sort of indicator of which example I have chosen for when I have selected a particular github example to compare to the SO code snippet. "
"2018/08/06 10:22:33 PM GMT","3","I really enjoy seeing these examples - it helps to see how other people have adapted the post to their code usages, since that is precisely what I am doing. Also, I like to take ownership of my code and that includes being able to explain whatever I adapt - seeing other examples (esp when they include comments) can help me do so.","7","I think this is overall very useful, and particularly helps with understanding how code has been modified for different use cases. One particular example I liked seeing highlighted was the lat/long distance calculation example, where one code snippet had an explicit miles->meter conversion but was otherwise about the same as the SO post. The common code snippets also served to emphasize core components of the functions defined - for example, the Haversine formula implementation in the aforementioned example.

Some of the highlighted variations did not provide much value, and I think there are a few factors that tie into this. For example, variable names and visibility modifiers tend to vary without significant impact on the code snippet functionality itself. In the lat/long distance example, one Github snippet explicitly cast their (double) result to an int and took an absolute value with no explanation or indication as to why that was done. Seeing that particular variation was more confusing than helpful, but is also something difficult to understand via an automated tool.

Overall I think the code comparisons are very useful, but need to be used with caution. It helps a lot as an aid to understanding the snippets for personal use, but can be dangerous if somebody were to go through each example hoping to find one that works for them as-is.

Side note - I didn't get to use the code template as much as I would have liked, due to the nature of the case study. As such, I don't feel comfortable strongly agreeing or disagreeing with it - I imagine such a functionality would be useful, but it's hard to say without hands-on experience.","5","I think the color-coding choices might need reconsideration (due to syntax highlighting and background colors), but the concept is very useful for quickly analyzing the variations between the SO post and the GitHub examples. Some of the categories are especially useful for summarizing small snippets of code, eg exception handling or code hardening. 

As is, the background colors occasionally make the code harder to read than I would like. I think that could be fixed with colors that blend less with the font or using an alternate approach of highlighting the various categories. The current state is sufficient, but sometimes inconvenient.","6","This wasn't too noticeable in my particular example, since there were only 2 github snippets. I think this would be much more useful when there are many github snippets, especially to highlight parts of the SO post that are specific to the question or bugs within the SO post that github users may have identified and fixed.

On a related note: seeing the frequency of adaptation types can also sometimes indicate other public resources (eg another SO post on a similar question), which is also useful to be aware of!","7","I would use ExampleStack on just about any SO code snippet that I plan to reuse/adapt, but do not fully understand or feel comfortable with. ","Alternate sorting approaches for the github snippets. For example, difference/edit distance from the SO post.

Side-by-side comparison of github snippets to each other (as opposed to only SO + one github snippet)."
"2018/08/07 11:13:20 PM GMT","4","I like how it reminds me where is a good place to modify in order for users to adapt the code, and what might be some good optimizations.","7","I like how it shows the number of people who choose to use a code, because it shows popularity. It would be nice if it still shows all the options for other variations once we choose a code.","7","It would be useful once the user is familiar with the color coding, so they can quickly identify which modification is probably necessary.","5","Could tell me which one is more common practice and probably work better.","7","When the code is a little bit longer and hard to spot what to change at a glance, the tool is very useful.","It would be nice if it still shows all the options for other variations once we choose a code in the template."
"2018/08/08 12:14:56 AM GMT","5","I think the code examples from GitHub are generally very useful to see the typical changes that developers make before using the SO examples. Even if I may not want to use the exact SO example, or any of the GitHub examples, it gives me an ideas of ""good practices"" and simple generalizations that people usually make. ","7","I think this kind of `diff` is useful for easily checking the exact modifications made by users, and especially for large code fragments it would be very useful to find subtle changes that might otherwise be unnoticed.","5","I am not very sure about the accuracy and useful of this particular feature, because it seems a little subjective to me. Refactoring, Exception Handling seem straightforward. But Logic Customization and Code Hardening seem a little subjective. Also, most examples almost always have compilation errors: even within the GitHub examples, they may refer to ""other"" classes or methods etc. so it's not clear, ""compilation error"" relative to what? ","4","I think the frequency count is very useful. This highlights the best practices followed by the community. It also prioritizes the changes that I should make first to make the code fragment more general.","6","I think ExampleStack would be very useful when writing a large-scale, robust project. Time is not really so much of a constraint, but I would rather like a robust solution to the problem at hand. I can see myself searching for a SO question and then making it robust using the GitHub examples.
It might also be useful to assess how different people are using a particular programming feature, or library function etc. when I am new to a particular library such as Android and want to get a sense of how everyone uses animation APIs etc.","Overall, I am very happy with the current supported set of features."
"2018/08/08 8:21:06 PM GMT","6","Super nice, this seems like the fast path to finding consensus on a particular operation. Pair programming async","7","This seems nice because it gives one a sense for the ""essence"" of the code","6","Having a legend is good as long as it's consistent ","6","Again this seems like a nice metric for deriving consensus on an optimal implementation","7","Any time I'm looking at a post it would be nice to collect matching examples to see useful variants.","Meta-voting could be valuable or synthesis of the consensus result based on the count of adaptations "
"2018/08/09 11:13:04 PM GMT","7","It was useful for seeing different variations of the code to see what changes were possible.","6","It's good for quickly seeing what the differences are in the code snippets.","5","I did not notice it much, since it is already clear to me why certain changes might be added with or without colors. However, it's certainly not bad.","5","I also did not notice this much. I found it more useful to look at individual snippets as a whole than look at frequencies of individual differences since different parts of the code are often connected. It might be good for identifying issues in the original code though.","5","I think this might be useful when working with APIs where different calls can be substituted, and there is no exact answer for the particular functionality I am looking for. ","I think it would be nice to see different snippets of code in a side to side comparison. Currently, to see the different Github examples and compare them to the original Stack Overflow code requires scrolling up and down. The colors help, but it would be nicer if they were aligned."
"2018/08/10 12:15:36 AM GMT","8","In a way the tool is suggesting the Github repositories that might have implemented the functionality that I require. ","5","I like it that the tool gives me a template so that I can choose which naming convention to use.","5","I completely like the color coding technique. It will show me the areas where I need to be more careful.","7","A higher frequency suggests its use by many developers giving more confidence to reuse the code.","7","I would use this tool when I am not sure of the credibility of the SO code since the tool provides me GitHub repos I can have more confidence to reuse the code.","Add a custom defined naming scheme."
"2018/08/10 7:14:35 PM GMT","9","its really useful, and reassuring to know the same code is used in production systems, and the know the common pitfalls avoided ","6","it makes it really easy to check and spot where the code has been modified","6","its good to have, but not a priority to have. user can find out why a change is made as soon as she spots it. no need to have it pointed out. perhaps can have an option to hide it for such users. ","4","this is quite helpful as i can immediately spot how much a given code has been used. for example, a code with 500 stars probably has had more eyeballs on it, thus having lesser potential bugs ","7","yes i would use it. its useful for novice users especially who may sometimes need guidance on the exact code modifications necessary to reach a target functionality. similarly, for advanced users, it is helpful in pointing out the real world usage scenarios of similar code. ","1. point out the licensing of the github repos as well - i do not want to lift a code straight out of a restrictive license codebase for example. 
2. have contextual memory - for example, if you know my first search is for java code for a webserver, perhaps my second search's outputs can have a bias towards showing code snippets from web servers.. 
3. rate the code snippets that we choose - something like a star within examplestack, so other users of the tool know this code snippet/modifications were helpful to so many other examplestack users.. 
"
"2018/08/11 12:12:10 AM GMT","10","Very helpful to see how other programmers adapt SO code","6","I think that it's helpful to see how we can adapt the SO code","7","I think that it is good for readability. An option to make the colors custumizable can be useful ","5","","5","I usually do meta-programming in different languages and use SO to help. Translating a piece of code from one language to another is when I would use ExampleStack. ","Making themes customizable, and perhaps make this tool available for other languages like Python"
"2018/08/11 1:12:31 AM GMT","11","I like it. It allows me to do some analogy without going through the doc.","7","It helps me better understand which part of the code should be custumized.","7","Not sure, because I only saw renaming but null check was not shown in this survey.","7","No strong preference or dislike","4","Sometimes it is hard to do an analogy from a code example to the code I want without going through the API one by one in the documentation. ExampleStack can save my time by providing other users' already-adopted code.","None?"
"2018/08/11 3:13:38 AM GMT","12","I like where I can not only see the SO code example but also see how other people write similar codes. In this way I can easily identify some points that I might miss because I simply use the SO code example.","7","I like this functionality because it helps me quickly locate the changes made to the SO code example so that I know which parts I should pay attention if the SO code example is not very comprehensive","7","At this point I don't feel it's a great help as I will scan through all the similar github code examples and look at what they change closely. But I think it will be helpful if I'm using this tool a lot, or if there are a lot of similar github code snippets (more than 20~30)","5","I think it's helpful but I feel when I use it I will pay attention to all the different adaptation types just to make sure. But also same here, if there are a lot of github code snippets that are similar this will be helpful.","5","When I look for some code snippet from SO and find a very close code example but there might be some small features that I want is missing I will use this tool to look for other similar code snippets on github. But for simple and straight forward ones I probably won't use this tool.","Allow users to type their own code in the adaptation boxes and copy the final code snippet into their code. For the empty boxes, leave something hint to remind users of finishing the code up. The server should reduce the similar github code snippets by removing those that are highly similar to each other. Users probably don't want to see too many github examples but only the ones that are significantly varies from each other. "
"2019/02/08 1:33:56 AM GMT","13","I really liked it. It gives a very concrete examples and validate the code snippets present on SO. I trust code github more than SO.","7","It is very beneficial. The variations and similarities give a very good idea of what part of code may need to be refactored.","7","These are extremely helpful. Color coding can definitely help figure out what changes are important and what are not when the code is complex. ","6","I can see it to be helpful because that adds validity to the github example. ","6","I usually do not remember most of the I/O Api and their proper API usage and whenever I have to use those, I usually copy those examples from SO. Mostly such examples are missing the exception handling code or proper usage. I think if I have such tool, I would use it to get a github example which happen to be complete in terms of API usage and contains comments as well for readability. ","I like most of the features that ExampleStack have. It's very interactive and easy to use. I think if I have to answer, I would say that adding a feature that can tell me if the example compile-able or not would be helpful. "
"2019/02/08 9:59:10 PM GMT","14","I actually really liked it! In the second example, I would have completely forgotten about the null check and seeing it in a couple of examples made me wonder if I'd forgotten safety checks in the task without the snippets. I do think it's most useful when there are many examples to compare. I frequently search Github for code examples generally so it was nice to have a side-by-side.","6","I like highlighting the diffs! Otherwise it's easy to miss what may have changed.","4"," For me, the categorization was not particularly helpful since I felt like once I saw the differences I could pretty easily infer why someone would have made that change. It could also be a little distracting.","3","It was the most useful feature to me!","7","Since I have never done Android dev, I think it was particularly useful since I lack any background in the context. So for using new libraries, frameworks, packages etc, especially ones where documentation is ad hoc but the community is active, I think it would be very helpful. For tasks like general C++/Java programming where I know the domain very well, I think it's less important because I'm already very familiar with different styles.","I think pulling the relevant surrounding context is important, such as import statements and referenced variables. For example, I never knew what the class ""R"" was in task IV (would I need to import it?? Is this a static method or is R an instance of a variable somewhere??) nor do I know how people alternatively created the reference hexArray in Task III."
"2019/02/08 11:32:18 PM GMT","15","I like it","5","Seeing the same code used in different places can make the answer posted on stackoverflow more convincing. However, it also takes more time to go through different code examples for a single problem. In addition, I can see some of the code examples are very similar to each other, which implies that they might actually referenced the same original code when they were written. The user might confuse this with how good or bad the code example is. Essentially seeing many similar code examples may not be an indicator of whether the piece of code is using the best practice or even correct. Moreover, although the similar examples are pulled from github repos, but we cannot be sure whether they are in use or correct. Overall, the tool provides to the user more information regarding the code problem he/she is trying to solve and it helps the user to think more critically on how reliable the answer is and how to adapt the code.  ","4","1) The user can become overly rely on the functionality of the tool and ignore the parts that are not highlighted, which, in some cases, might be critical for the adaptation. 
2) Most of the highlighted part are the type signitures and the variable and function names. They are kind of obvious to most of the programmers","5","Adding null check would be helpful, but renaming variables might be too obvious to programmers","2","As mentioned previously, the reason why so many code snippet look similar might be that, the authors referenced the same stackoverflow post when they were writing the code. So this cannot really be a nice hint on how reliable or good this code snippet is. However the user might not think critically on this subject and this tool would potentially spread ""not very recommended"" coding practices just because it is used more frequently. However, this tool might give some insights on what kind of functions are the most common among different open source repos","none"
"2019/02/09 12:32:17 AM GMT","16","Yes, it helped me to understand what was necessary, and what was not.","6","I liked that I would be able to look up the context of the method. I guess that would be very useful, so that you are not only seeing the method. 
I am however a little concerned that the snippets were taken from the SO code, as they where very similar.  This might not be a problem, but It gave me less confidence in the examples. ","7","I do not think that it made a significant difference for me.","3","Very helpful as it gives confidence in the solution. Used it at least once.","7","I think it mostly gives confidence in the snippit. If it is used in a github repo with many starts I could hope that it has been sufficiently tested. If so I would use it as part of my daily rutine. Read, Understand, Verify.","I think that, as is, it is already an interesting tool. I would however like to see it being more messy. E.i. pick more examples close but not the same. This way I could check if the variation made there was what I was looking for. Maybe a Snippits like this feature?
 "