"Timestamp","What is your participation ID?","What is your occupation?","What is your gender?","What is your age?","How many years of software development experience do you have?","Which programming language(s) do you use in your projects?","How many years of Java programming experience do you have?","How often do you use Stack Overflow?","How often do you reuse code snippets in Stack Overflow?","Among the SO snippets you would like to reuse, how often do you adapt, modify, or even reimplement them to fit your own project?","Why do you modify these SO code snippets? Check all that apply."
"2018/07/31 9:12:17 PM GMT","1","PhD student","Female","20-30 years old","> 5 years","Java;C/C++;Python;JavaScript","2-5 years","Every day","Always","Often","I need to resolve a compilation error in the snippet, e.g., declaring an unknown variable;I need to add extra code to improve the snippet, e.g., adding an if check to validate the input data, handling potential exceptions, etc.;I need to customize the functionality of the snippet to fulfill my need;I need to refactor the code snippet for simplicity or readability, e.g., renaming a variable"
"2018/08/03 9:12:13 PM GMT","2","Undergraduate student","Female","20-30 years old","> 5 years","Java;Python","2-5 years","At least once a week","Often","Often","I need to resolve a compilation error in the snippet, e.g., declaring an unknown variable;I need to add extra code to improve the snippet, e.g., adding an if check to validate the input data, handling potential exceptions, etc.;I need to customize the functionality of the snippet to fulfill my need;I need to reformat error messages or change the exception handling logic;I need to refactor the code snippet for simplicity or readability, e.g., renaming a variable"
"2018/08/06 9:11:48 PM GMT","3","PhD student","Male","20-30 years old","> 5 years","Java;C/C++;Python;JavaScript","2-5 years","Every day","Often","Often","I need to resolve a compilation error in the snippet, e.g., declaring an unknown variable;I need to add extra code to improve the snippet, e.g., adding an if check to validate the input data, handling potential exceptions, etc.;I need to customize the functionality of the snippet to fulfill my need;I need to reformat error messages or change the exception handling logic;I need to refactor the code snippet for simplicity or readability, e.g., renaming a variable"
"2018/08/07 10:08:05 PM GMT","4","Undergraduate student","Female","under 20 years old","2-5 years","Java;C/C++;Python","less than 1 year","Every day","Often","Often","I need to resolve a compilation error in the snippet, e.g., declaring an unknown variable;I need to add extra code to improve the snippet, e.g., adding an if check to validate the input data, handling potential exceptions, etc.;I need to customize the functionality of the snippet to fulfill my need;I need to refactor the code snippet for simplicity or readability, e.g., renaming a variable"
"2018/08/07 11:34:25 PM GMT","5","PhD student","Male","20-30 years old","> 5 years","C/C++;C#;Python;JavaScript","1 year","At least once a week","Seldom","Always","I need to add extra code to improve the snippet, e.g., adding an if check to validate the input data, handling potential exceptions, etc.;I need to customize the functionality of the snippet to fulfill my need;I need to reformat error messages or change the exception handling logic;I need to refactor the code snippet for simplicity or readability, e.g., renaming a variable"
"2018/08/08 7:28:16 PM GMT","6","PhD student","Male","30-40 years old","> 5 years","Java;C/C++;C#;Python;JavaScript","1 year","At least once a week","Often","Always","I need to refactor the code snippet for simplicity or readability, e.g., renaming a variable"
"2018/08/09 10:08:53 PM GMT","7","PhD student","Male","20-30 years old","> 5 years","Java;C/C++;Python","2-5 years","At least once a week","Often","Often","I need to customize the functionality of the snippet to fulfill my need;I need to refactor the code snippet for simplicity or readability, e.g., renaming a variable"
"2018/08/09 11:21:56 PM GMT","8","PhD student","Male","20-30 years old","2-5 years","Java;C/C++;Python","2-5 years","Every day","Often","Seldom","I need to customize the functionality of the snippet to fulfill my need"
"2018/08/10 6:21:19 PM GMT","9","Master student","Male","20-30 years old","> 5 years","Java;C/C++;Python;JavaScript","2-5 years","Every day","Always","Often","I need to resolve a compilation error in the snippet, e.g., declaring an unknown variable;I need to customize the functionality of the snippet to fulfill my need"
"2018/08/10 11:26:13 PM GMT","10","PhD student","Female","20-30 years old","less than 1 year","Java;Python","less than 1 year","Once every few months or less","Often","Often","I need to customize the functionality of the snippet to fulfill my need;I need to refactor the code snippet for simplicity or readability, e.g., renaming a variable"
"2018/08/11 12:26:31 AM GMT","11","PhD student","Male","20-30 years old","> 5 years","Java;C/C++;C#;Python;JavaScript","less than 1 year","Every day","Often","Always","I need to customize the functionality of the snippet to fulfill my need;I need to refactor the code snippet for simplicity or readability, e.g., renaming a variable;Glue it to my project"
"2018/08/11 2:25:16 AM GMT","12","Master student","Male","20-30 years old","> 5 years","Java;Python;JavaScript","2-5 years","Every day","Often","Always","I need to resolve a compilation error in the snippet, e.g., declaring an unknown variable;I need to add extra code to improve the snippet, e.g., adding an if check to validate the input data, handling potential exceptions, etc.;I need to customize the functionality of the snippet to fulfill my need;I need to reformat error messages or change the exception handling logic"
"2019/02/08 12:33:03 AM GMT","13","PhD student","Male","20-30 years old","2-5 years","Java","2-5 years","Every day","Often","Always","I need to resolve a compilation error in the snippet, e.g., declaring an unknown variable;I need to add extra code to improve the snippet, e.g., adding an if check to validate the input data, handling potential exceptions, etc.;Pass the correct inputs to the code snippet and modify the output if necessary"
"2019/02/08 9:08:31 PM GMT","14","PhD student","Female","20-30 years old","> 5 years","Java;C/C++;Python","> 5 years","At least once a week","Often","Often","I need to add extra code to improve the snippet, e.g., adding an if check to validate the input data, handling potential exceptions, etc.;I need to customize the functionality of the snippet to fulfill my need"
"2019/02/08 10:20:14 PM GMT","15","PhD student","Female","20-30 years old","2-5 years","Java;C/C++;C#;Python","2-5 years","At least once a week","Seldom","Seldom","I need to customize the functionality of the snippet to fulfill my need;I need to refactor the code snippet for simplicity or readability, e.g., renaming a variable"
"2019/02/08 11:40:15 PM GMT","16","PhD student","Male","20-30 years old","> 5 years","Java;C#;Python;JavaScript","2-5 years","Every day","Seldom","Often","I need to resolve a compilation error in the snippet, e.g., declaring an unknown variable;I need to customize the functionality of the snippet to fulfill my need;I need to reformat error messages or change the exception handling logic;I need to refactor the code snippet for simplicity or readability, e.g., renaming a variable"